Tag,Recipe Count,Product Count,Total
Autumn,100,0,100
BBQ,22,0,22
Beef,28,0,28
ChangsTV,0,3,3
Chicken,51,0,51
Chinese Black Pepper Sauce,1,1,2
Chinese New Year,30,0,30
Christmas,35,0,35
Crispy Noodle Salad Dressing,45,1,46
Crunchy Fried Noodles,26,1,27
Dairy Free,68,0,68
Dinner for One,29,0,29
Dinner for Two,102,0,102
Duck,2,0,2
Easter,17,0,17
Egg Noodles,4,1,5
Entertaining,34,0,34
Family Dinners,80,0,80
Festive,77,0,77
Finger Food,19,0,19
Fish Sauce,3,0,3
Gluten Free,0,32,32
Gluten Free Fried Noodles,46,1,47
Gluten Free Tamari Light Soy Sauce,103,1,104
Gluten Free Variation,37,0,37
Gluten-Free,116,0,116
Healthy meals,83,0,83
Hoisin Sauce,3,0,3
Hokkien Noodles,6,1,7
Japanese Teriyaki Sauce,7,1,8
Japanese Teriyaki Sauce (280ml),3,0,3
Kecap Manis Sweet Soy Sauce,5,1,6
Kid friendly,54,0,54
Kids,41,0,41
Lamb,6,0,6
Light Meals,57,0,57
Long Life Noodles,31,1,32
Lunch,58,0,58
Main Meals,158,0,158
Master Stock,10,1,11
Noodles,103,13,116
Noodles Ingredient,121,0,121
Noodles Style,65,0,65
Nut Free,56,0,56
Occasions,108,0,108
Organic Ramen Noodles,1,1,2
Original Fish Sauce,18,1,19
Original Fried Noodles,79,1,80
Original Hoisin Sauce,37,1,38
Original Hot Chilli Sauce,2,1,3
Original Oyster Sauce,49,1,50
Pork,37,0,37
Poultry,55,0,55
Protein,7,0,7
Quick and Easy,129,0,129
Salad,43,0,43
Sauces,0,26,26
Sauces and condiments,7,0,7
Scary Sweets,15,0,15
Seafood,42,0,42
Sesame Oil,95,1,96
Sides,10,0,10
Slow Cooking,8,0,8
Soup and Salad,80,0,80
Soups,26,0,26
Soy Sauce,3,0,3
Soy Sauce Dark,10,1,11
Soy Sauce Light,2,1,3
Special Occasion,24,0,24
Spring,145,0,145
Starters,10,0,10
Stir-Fry,40,0,40
Style,109,0,109
Summer,142,0,142
Summer BBQ,81,0,81
Sunday Feasts,14,0,14
Super Lo-Cal,16,0,16
Super Lo-Cal Wide Noodles,17,1,18
Sweet treats,42,0,42
Tamari,0,4,4
Tamari Light Soy Sauce,5,0,5
Thai Style Rice Noodles,16,1,17
Traditional Super Lo-Cal Noodles,19,1,20
Traditional Super Lo-Cal Wide Noodles,2,0,2
Turkey,2,0,2
Vegetables,31,0,31
Vegetarian,46,0,46
Vermicelli Rice Noodles,18,1,19
Wheat Free,6,0,6
Winter,83,0,83
Wok-Ready Noodles,6,1,7
